29,RB-AZB-SVR-LEAF143,10.53.138.158
30,RB-AZB-SVR-LEAF144,10.53.138.159
31,RB-AZB-SVR-LEAF145,10.53.138.160
32,RB-AZB-SVR-LEAF146,10.53.138.161
33,RB-AZB-SVR-LEAF147,10.53.138.162
34,RB-AZB-SVR-LEAF148,10.53.138.163
35,RB-AZB-SVR-LEAF149,10.53.138.164
36,RB-AZB-SVR-LEAF150,10.53.138.165
37,RB-AZB-SVR-LEAF151,10.53.138.166
38,RB-AZB-SVR-LEAF152,10.53.138.167
39,RB-AZB-SVR-LEAF153,10.53.138.168
40,RB-AZB-SVR-LEAF154,10.53.138.169
41,RB-AZB-SVR-LEAF155,10.53.138.170
42,RB-AZB-SVR-LEAF156,10.53.138.171
